duplicate_group,md5,images_in_group,splits,labels_consistent,annotations_identical,annotation_status
1,b895b9613a25d1139a860d6e88896fa8,3,"train,val",YES,NO,DIFFERENT
2,9958a63d3f0b82a7277e42d6144ef2ed,2,"test,val",YES,NO,DIFFERENT
3,9c34132a29d723ae2fc958d00cbb665e,2,"train,val",YES,NO,DIFFERENT
4,7ed283cc49db484abe41acc42402c53f,2,"train,val",YES,NO,DIFFERENT
5,cf6036f09aa5bc5921aded299fba118c,2,"test,train",YES,NO,DIFFERENT
6,8cd9adc34f5d4ca462ab5fbd16e6a76b,2,"test,train",YES,NO,DIFFERENT
7,d0d31bd2b4b6700a2401354d2cd934c4,2,"train,val",YES,NO,DIFFERENT
8,f3cf5bc78e3f1b81abd39653f6e393b1,2,"test,train",YES,NO,DIFFERENT
9,91dd53489b3692a404e88bb4dbc307ef,2,"test,train",YES,NO,DIFFERENT
10,8a8cbe955cee848cce86199a598d242e,2,"train,val",YES,NO,DIFFERENT
11,15ea2cc184b1133711682b44535e2987,2,"test,train",YES,NO,DIFFERENT
12,79f217c8345aab9c1c26e3ca2b832e8c,2,"test,train",YES,NO,DIFFERENT
13,53d456044074fb9ded21a3e8d846b7bc,2,"test,train",YES,NO,DIFFERENT
14,792d4cf88a33498cc79f66a91ed6bdb5,2,"test,train",YES,NO,DIFFERENT
15,e9e2447226abf015ec6224df97ae480a,2,"test,train",YES,NO,DIFFERENT
16,921eea705c5b67b46da8589246bbf011,2,"train,val",YES,NO,DIFFERENT
17,47acd283785ded9b0e5a42b8e4194de4,2,"test,train",YES,NO,DIFFERENT
18,0b579a6a56351bd42c9d2bbce19fc495,2,"test,train",YES,NO,DIFFERENT
19,14f8243b62aa0e89dc56f5db6d2a296d,2,"test,train",YES,NO,DIFFERENT
20,ac1d8810197b102e18f7e5681beee929,3,"test,train",YES,NO,DIFFERENT
21,5601bcd9628e667d6050912daa89c0dd,3,"train,val",YES,NO,DIFFERENT
22,4a0102b35a292b9ffe0ae2b857ffd1df,2,"test,train",YES,NO,DIFFERENT
23,733b0f0964e200c57151f357b52f6dee,2,"train,val",YES,NO,DIFFERENT
24,4bb804de56ccb9718248ce2da3f11afe,2,"test,train",YES,NO,DIFFERENT
25,28ffa620ac395fe3e8a3f214412b86f7,2,"test,train",YES,NO,DIFFERENT
26,ca0b235bafe057e2de11a1d8e7e7aaad,2,"train,val",YES,NO,DIFFERENT
27,6c122fc3282e0789f562316f886de2dc,2,"test,train",YES,NO,DIFFERENT
28,c8087505ce83743697195c879348bf75,2,"test,train",YES,NO,DIFFERENT
29,55a86063d0d03d1853d7cbde1647dfd1,2,"test,train",YES,NO,DIFFERENT
30,7f6ae1d79b00e6442f4bc3f04c13edb0,2,"test,train",YES,NO,DIFFERENT
31,b03f1fda8bfe35e714ce725a7adcf73f,2,"train,val",YES,NO,DIFFERENT
32,de8032a55d39c7c2c2dffa2c9cc19e60,2,"test,train",YES,NO,DIFFERENT
33,898640f235094d37d98a0551e5bb473b,2,"test,train",YES,NO,DIFFERENT
34,ca1c387a7a432cc287fd3447d35d44b2,2,"train,val",YES,NO,DIFFERENT
35,2d37390aa1489b14bd82ed9d830accdc,2,"train,val",YES,NO,DIFFERENT
36,2480a34f210fa59b62d4d2a8bb5622ce,2,"train,val",YES,NO,DIFFERENT
37,90939bc15f5afefae1b52a8e3c18c7e7,2,"train,val",YES,NO,DIFFERENT
38,c195a4954400d9d2d4323286d0c833dc,2,"train,val",YES,NO,DIFFERENT
39,da2b57d368ed1127a2a89ebb2035329a,2,"test,val",YES,NO,DIFFERENT
40,b20fb1f711c230ae98a26f7a99d3b57e,2,"test,train",YES,NO,DIFFERENT
41,a72465cf1efabc1b2b566519043b1eb1,2,"test,train",YES,NO,DIFFERENT
42,84df3490408090a5192ce750f0a16930,2,"test,train",YES,NO,DIFFERENT
43,9abf8400edbfb89a44596d6bd572e7dd,2,"test,train",YES,NO,DIFFERENT
44,7e9a8cac13ac45de697c3b0ad7b9da59,2,"test,train",YES,NO,DIFFERENT
45,7fcf7d7bdaa760593091d7ea150203a5,2,"train,val",YES,NO,DIFFERENT
46,f54530adcbee5c648329f3a6b5c39bff,2,"test,train",YES,NO,DIFFERENT
47,a116a64761dd5c1e56e904f1054368b3,2,"test,train",YES,NO,DIFFERENT
48,1214f5ec0e7705b05eaa6a81a00c82b3,2,"train,val",YES,NO,DIFFERENT
49,e6a06682570927f8bf76c4f14f8b6c29,2,"train,val",YES,NO,DIFFERENT
50,c4c75562fa5c6c64883c63d318f8c9de,2,"test,train",YES,NO,DIFFERENT
51,4a340e894c96a3e294c528b7479a8f74,2,"test,train",YES,NO,DIFFERENT
52,9c715102ae02b22c70b138b0a09a5753,2,"train,val",YES,NO,DIFFERENT
53,9653026193e09e490923986d2e43b5ae,2,"test,train",YES,NO,DIFFERENT
54,048b72e7bf032acae174525d448cefe1,2,"test,val",YES,NO,DIFFERENT
55,8a460f4df35ed5d94eb4b7c72505049e,2,"train,val",YES,NO,DIFFERENT
56,4a01adcb753066657712149a7cda48ef,3,"test,train",YES,NO,DIFFERENT
57,25e03002cb913da8931c66a5991cf9c2,2,"test,train",YES,NO,DIFFERENT
58,fb679ec2f98694741c610648eadb6119,2,"test,train",YES,NO,DIFFERENT
59,6873a6542719de05d465ec8aea99cd93,2,"test,train",YES,NO,DIFFERENT
60,fadd66396d2ca8e20c1300d43c84d0da,2,"test,train",YES,NO,DIFFERENT
61,52349491ceec5be1135ee756f962c6f9,2,"test,train",YES,NO,DIFFERENT
62,df278540687c35e37e85898b570debf3,2,"train,val",YES,NO,DIFFERENT
63,c1d7d14765f0895ec161eabe3f2325af,2,"train,val",YES,NO,DIFFERENT
64,79574e85ccaedfbffbae1d64416bcf01,2,"test,train",YES,NO,DIFFERENT
65,bbee95a64b742c99e9f8bbce832434aa,2,"train,val",YES,NO,DIFFERENT
