duplicate_group,filename,category,splits
1,000077.jpg,CROSS_SPLIT_LEAKAGE,train
1,000078.jpg,CROSS_SPLIT_LEAKAGE,train
1,000079.jpg,CROSS_SPLIT_LEAKAGE,val
2,000134.jpg,same_split,train
2,000135.jpg,same_split,train
3,000245.jpg,CROSS_SPLIT_LEAKAGE,val
3,000246.jpg,CROSS_SPLIT_LEAKAGE,test
4,000330.jpg,CROSS_SPLIT_LEAKAGE,train
4,000331.jpg,CROSS_SPLIT_LEAKAGE,val
5,000355.jpg,CROSS_SPLIT_LEAKAGE,train
5,000386.jpg,CROSS_SPLIT_LEAKAGE,val
6,000444.jpg,CROSS_SPLIT_LEAKAGE,train
6,000445.jpg,CROSS_SPLIT_LEAKAGE,test
7,000490.jpg,same_split,train
7,000491.jpg,same_split,train
8,000572.jpg,CROSS_SPLIT_LEAKAGE,train
8,000573.jpg,CROSS_SPLIT_LEAKAGE,test
9,000605.jpg,same_split,test
9,000606.jpg,same_split,test
10,000627.jpg,CROSS_SPLIT_LEAKAGE,val
10,000629.jpg,CROSS_SPLIT_LEAKAGE,train
11,000630.jpg,CROSS_SPLIT_LEAKAGE,test
11,000631.jpg,CROSS_SPLIT_LEAKAGE,train
12,000648.jpg,CROSS_SPLIT_LEAKAGE,train
12,000649.jpg,CROSS_SPLIT_LEAKAGE,test
13,000884.jpg,CROSS_SPLIT_LEAKAGE,train
13,000885.jpg,CROSS_SPLIT_LEAKAGE,val
14,000942.jpg,CROSS_SPLIT_LEAKAGE,test
14,000943.jpg,CROSS_SPLIT_LEAKAGE,train
15,000965.jpg,CROSS_SPLIT_LEAKAGE,train
15,000966.jpg,CROSS_SPLIT_LEAKAGE,test
16,001029.jpg,CROSS_SPLIT_LEAKAGE,train
16,001030.jpg,CROSS_SPLIT_LEAKAGE,test
17,001097.jpg,CROSS_SPLIT_LEAKAGE,test
17,001098.jpg,CROSS_SPLIT_LEAKAGE,train
18,001102.jpg,same_split,train
18,001103.jpg,same_split,train
19,001262.jpg,CROSS_SPLIT_LEAKAGE,train
19,001263.jpg,CROSS_SPLIT_LEAKAGE,test
20,001292.jpg,CROSS_SPLIT_LEAKAGE,train
20,001293.jpg,CROSS_SPLIT_LEAKAGE,val
21,001298.jpg,CROSS_SPLIT_LEAKAGE,train
21,001299.jpg,CROSS_SPLIT_LEAKAGE,test
22,001313.jpg,CROSS_SPLIT_LEAKAGE,train
22,001314.jpg,CROSS_SPLIT_LEAKAGE,test
23,001397.jpg,same_split,train
23,001398.jpg,same_split,train
24,001402.jpg,CROSS_SPLIT_LEAKAGE,train
24,001403.jpg,CROSS_SPLIT_LEAKAGE,test
25,001445.jpg,CROSS_SPLIT_LEAKAGE,train
25,001446.jpg,CROSS_SPLIT_LEAKAGE,test
25,001447.jpg,CROSS_SPLIT_LEAKAGE,train
26,001449.jpg,same_split,train
26,001450.jpg,same_split,train
27,001451.jpg,CROSS_SPLIT_LEAKAGE,train
27,001452.jpg,CROSS_SPLIT_LEAKAGE,val
27,001453.jpg,CROSS_SPLIT_LEAKAGE,train
28,001561.jpg,CROSS_SPLIT_LEAKAGE,train
28,001562.jpg,CROSS_SPLIT_LEAKAGE,test
29,001563.jpg,same_split,train
29,001564.jpg,same_split,train
30,001565.jpg,CROSS_SPLIT_LEAKAGE,train
30,001566.jpg,CROSS_SPLIT_LEAKAGE,val
31,001633.jpg,CROSS_SPLIT_LEAKAGE,test
31,001634.jpg,CROSS_SPLIT_LEAKAGE,train
32,001654.jpg,same_split,train
32,001655.jpg,same_split,train
33,001656.jpg,CROSS_SPLIT_LEAKAGE,train
33,001657.jpg,CROSS_SPLIT_LEAKAGE,test
34,001666.jpg,same_split,test
34,001668.jpg,same_split,test
35,001863.jpg,same_split,train
35,001864.jpg,same_split,train
35,001865.jpg,same_split,train
36,001884.jpg,CROSS_SPLIT_LEAKAGE,val
36,001893.jpg,CROSS_SPLIT_LEAKAGE,train
37,001940.jpg,CROSS_SPLIT_LEAKAGE,train
37,001941.jpg,CROSS_SPLIT_LEAKAGE,test
38,002022.jpg,same_split,train
38,002024.jpg,same_split,train
39,002023.jpg,same_split,train
39,002025.jpg,same_split,train
40,002068.jpg,CROSS_SPLIT_LEAKAGE,train
40,002069.jpg,CROSS_SPLIT_LEAKAGE,test
41,002070.jpg,CROSS_SPLIT_LEAKAGE,train
41,002071.jpg,CROSS_SPLIT_LEAKAGE,test
42,002072.jpg,CROSS_SPLIT_LEAKAGE,test
42,002073.jpg,CROSS_SPLIT_LEAKAGE,train
43,002098.jpg,same_split,test
43,002099.jpg,same_split,test
44,002114.jpg,CROSS_SPLIT_LEAKAGE,val
44,002115.jpg,CROSS_SPLIT_LEAKAGE,train
45,002122.jpg,CROSS_SPLIT_LEAKAGE,train
45,002124.jpg,CROSS_SPLIT_LEAKAGE,test
46,002123.jpg,same_split,train
46,002126.jpg,same_split,train
47,002220.jpg,same_split,train
47,003427.jpg,same_split,train
48,002262.jpg,same_split,train
48,002263.jpg,same_split,train
49,002275.jpg,CROSS_SPLIT_LEAKAGE,test
49,002276.jpg,CROSS_SPLIT_LEAKAGE,train
50,002350.jpg,CROSS_SPLIT_LEAKAGE,train
50,002351.jpg,CROSS_SPLIT_LEAKAGE,val
51,002375.jpg,CROSS_SPLIT_LEAKAGE,train
51,002376.jpg,CROSS_SPLIT_LEAKAGE,val
52,002408.jpg,same_split,train
52,002409.jpg,same_split,train
53,002410.jpg,same_split,train
53,002411.jpg,same_split,train
54,002412.jpg,same_split,train
54,002413.jpg,same_split,train
55,002416.jpg,same_split,train
55,002417.jpg,same_split,train
56,002418.jpg,CROSS_SPLIT_LEAKAGE,train
56,002419.jpg,CROSS_SPLIT_LEAKAGE,val
57,002421.jpg,CROSS_SPLIT_LEAKAGE,val
57,002422.jpg,CROSS_SPLIT_LEAKAGE,train
58,002424.jpg,CROSS_SPLIT_LEAKAGE,val
58,002425.jpg,CROSS_SPLIT_LEAKAGE,train
59,002428.jpg,CROSS_SPLIT_LEAKAGE,val
59,002429.jpg,CROSS_SPLIT_LEAKAGE,test
60,002448.jpg,CROSS_SPLIT_LEAKAGE,test
60,002449.jpg,CROSS_SPLIT_LEAKAGE,train
61,002465.jpg,CROSS_SPLIT_LEAKAGE,test
61,002466.jpg,CROSS_SPLIT_LEAKAGE,train
62,002502.jpg,CROSS_SPLIT_LEAKAGE,train
62,002503.jpg,CROSS_SPLIT_LEAKAGE,test
63,002640.jpg,same_split,train
63,002641.jpg,same_split,train
64,002653.jpg,CROSS_SPLIT_LEAKAGE,test
64,003579.jpg,CROSS_SPLIT_LEAKAGE,train
65,002654.jpg,same_split,train
65,003582.jpg,same_split,train
66,002655.jpg,same_split,train
66,003583.jpg,same_split,train
67,002686.jpg,CROSS_SPLIT_LEAKAGE,test
67,002687.jpg,CROSS_SPLIT_LEAKAGE,train
68,002691.jpg,same_split,train
68,002692.jpg,same_split,train
69,002718.jpg,same_split,train
69,002719.jpg,same_split,train
70,002867.jpg,same_split,train
70,002873.jpg,same_split,train
71,002879.jpg,same_split,train
71,002880.jpg,same_split,train
72,002903.jpg,CROSS_SPLIT_LEAKAGE,val
72,002904.jpg,CROSS_SPLIT_LEAKAGE,train
73,002939.jpg,CROSS_SPLIT_LEAKAGE,test
73,002940.jpg,CROSS_SPLIT_LEAKAGE,train
74,003001.jpg,CROSS_SPLIT_LEAKAGE,test
74,003002.jpg,CROSS_SPLIT_LEAKAGE,train
75,003065.jpg,CROSS_SPLIT_LEAKAGE,train
75,003086.jpg,CROSS_SPLIT_LEAKAGE,val
76,003067.jpg,same_split,train
76,003068.jpg,same_split,train
77,003102.jpg,same_split,train
77,003103.jpg,same_split,train
78,003196.jpg,same_split,train
78,003197.jpg,same_split,train
79,003222.jpg,CROSS_SPLIT_LEAKAGE,val
79,003223.jpg,CROSS_SPLIT_LEAKAGE,train
80,003229.jpg,same_split,train
80,003230.jpg,same_split,train
81,003301.jpg,CROSS_SPLIT_LEAKAGE,train
81,003302.jpg,CROSS_SPLIT_LEAKAGE,test
82,003303.jpg,same_split,train
82,003304.jpg,same_split,train
82,003305.jpg,same_split,train
83,003312.jpg,same_split,test
83,003313.jpg,same_split,test
84,003382.jpg,CROSS_SPLIT_LEAKAGE,train
84,003383.jpg,CROSS_SPLIT_LEAKAGE,test
85,003487.jpg,CROSS_SPLIT_LEAKAGE,train
85,003488.jpg,CROSS_SPLIT_LEAKAGE,val
86,003512.jpg,same_split,train
86,003513.jpg,same_split,train
87,003532.jpg,same_split,train
87,003533.jpg,same_split,train
88,003781.jpg,CROSS_SPLIT_LEAKAGE,test
88,004532.jpg,CROSS_SPLIT_LEAKAGE,train
89,003782.jpg,CROSS_SPLIT_LEAKAGE,test
89,004518.jpg,CROSS_SPLIT_LEAKAGE,val
90,003783.jpg,same_split,train
90,004514.jpg,same_split,train
91,003819.jpg,same_split,train
91,003820.jpg,same_split,train
92,003823.jpg,CROSS_SPLIT_LEAKAGE,train
92,003824.jpg,CROSS_SPLIT_LEAKAGE,val
93,003935.jpg,CROSS_SPLIT_LEAKAGE,train
93,003936.jpg,CROSS_SPLIT_LEAKAGE,test
93,003937.jpg,CROSS_SPLIT_LEAKAGE,train
94,003938.jpg,same_split,train
94,003939.jpg,same_split,train
94,003940.jpg,same_split,train
95,003941.jpg,CROSS_SPLIT_LEAKAGE,train
95,003942.jpg,CROSS_SPLIT_LEAKAGE,test
96,003964.jpg,same_split,train
96,003965.jpg,same_split,train
97,003989.jpg,same_split,test
97,003990.jpg,same_split,test
98,003991.jpg,CROSS_SPLIT_LEAKAGE,train
98,003992.jpg,CROSS_SPLIT_LEAKAGE,test
99,004055.jpg,same_split,train
99,004056.jpg,same_split,train
100,004086.jpg,same_split,train
100,004087.jpg,same_split,train
101,004171.jpg,same_split,train
101,004173.jpg,same_split,train
102,004172.jpg,same_split,train
102,004174.jpg,same_split,train
103,004229.jpg,CROSS_SPLIT_LEAKAGE,train
103,004230.jpg,CROSS_SPLIT_LEAKAGE,test
104,004336.jpg,CROSS_SPLIT_LEAKAGE,test
104,004337.jpg,CROSS_SPLIT_LEAKAGE,train
105,004486.jpg,same_split,test
105,004487.jpg,same_split,test
106,004489.jpg,CROSS_SPLIT_LEAKAGE,test
106,004490.jpg,CROSS_SPLIT_LEAKAGE,train
107,004494.jpg,same_split,train
107,004495.jpg,same_split,train
108,004496.jpg,same_split,test
108,004497.jpg,same_split,test
109,004521.jpg,same_split,test
109,004522.jpg,same_split,test
110,004537.jpg,CROSS_SPLIT_LEAKAGE,train
110,004538.jpg,CROSS_SPLIT_LEAKAGE,val
111,004571.jpg,same_split,train
111,004572.jpg,same_split,train
112,004576.jpg,CROSS_SPLIT_LEAKAGE,val
112,004577.jpg,CROSS_SPLIT_LEAKAGE,train
113,004578.jpg,same_split,train
113,004579.jpg,same_split,train
114,004603.jpg,same_split,train
114,004604.jpg,same_split,train
115,004627.jpg,CROSS_SPLIT_LEAKAGE,train
115,004628.jpg,CROSS_SPLIT_LEAKAGE,test
116,004737.jpg,same_split,train
116,004738.jpg,same_split,train
117,004871.jpg,same_split,val
117,004872.jpg,same_split,val
118,004878.jpg,same_split,train
118,004879.jpg,same_split,train
119,004957.jpg,CROSS_SPLIT_LEAKAGE,val
119,004958.jpg,CROSS_SPLIT_LEAKAGE,train
