count,files
3,000077.jpg | 000078.jpg | 000079.jpg
2,000134.jpg | 000135.jpg
2,000245.jpg | 000246.jpg
2,000330.jpg | 000331.jpg
2,000355.jpg | 000386.jpg
2,000444.jpg | 000445.jpg
2,000490.jpg | 000491.jpg
2,000572.jpg | 000573.jpg
2,000605.jpg | 000606.jpg
2,000627.jpg | 000629.jpg
2,000630.jpg | 000631.jpg
2,000648.jpg | 000649.jpg
2,000884.jpg | 000885.jpg
2,000942.jpg | 000943.jpg
2,000965.jpg | 000966.jpg
2,001029.jpg | 001030.jpg
2,001097.jpg | 001098.jpg
2,001102.jpg | 001103.jpg
2,001262.jpg | 001263.jpg
2,001292.jpg | 001293.jpg
2,001298.jpg | 001299.jpg
2,001313.jpg | 001314.jpg
2,001397.jpg | 001398.jpg
2,001402.jpg | 001403.jpg
3,001445.jpg | 001446.jpg | 001447.jpg
2,001449.jpg | 001450.jpg
3,001451.jpg | 001452.jpg | 001453.jpg
2,001561.jpg | 001562.jpg
2,001563.jpg | 001564.jpg
2,001565.jpg | 001566.jpg
2,001633.jpg | 001634.jpg
2,001654.jpg | 001655.jpg
2,001656.jpg | 001657.jpg
2,001666.jpg | 001668.jpg
3,001863.jpg | 001864.jpg | 001865.jpg
2,001884.jpg | 001893.jpg
2,001940.jpg | 001941.jpg
2,002022.jpg | 002024.jpg
2,002023.jpg | 002025.jpg
2,002068.jpg | 002069.jpg
2,002070.jpg | 002071.jpg
2,002072.jpg | 002073.jpg
2,002098.jpg | 002099.jpg
2,002114.jpg | 002115.jpg
2,002122.jpg | 002124.jpg
2,002123.jpg | 002126.jpg
2,002220.jpg | 003427.jpg
2,002262.jpg | 002263.jpg
2,002275.jpg | 002276.jpg
2,002350.jpg | 002351.jpg
2,002375.jpg | 002376.jpg
2,002408.jpg | 002409.jpg
2,002410.jpg | 002411.jpg
2,002412.jpg | 002413.jpg
2,002416.jpg | 002417.jpg
2,002418.jpg | 002419.jpg
2,002421.jpg | 002422.jpg
2,002424.jpg | 002425.jpg
2,002428.jpg | 002429.jpg
2,002448.jpg | 002449.jpg
2,002465.jpg | 002466.jpg
2,002502.jpg | 002503.jpg
2,002640.jpg | 002641.jpg
2,002653.jpg | 003579.jpg
2,002654.jpg | 003582.jpg
2,002655.jpg | 003583.jpg
2,002686.jpg | 002687.jpg
2,002691.jpg | 002692.jpg
2,002718.jpg | 002719.jpg
2,002867.jpg | 002873.jpg
2,002879.jpg | 002880.jpg
2,002903.jpg | 002904.jpg
2,002939.jpg | 002940.jpg
2,003001.jpg | 003002.jpg
2,003065.jpg | 003086.jpg
2,003067.jpg | 003068.jpg
2,003102.jpg | 003103.jpg
2,003196.jpg | 003197.jpg
2,003222.jpg | 003223.jpg
2,003229.jpg | 003230.jpg
2,003301.jpg | 003302.jpg
3,003303.jpg | 003304.jpg | 003305.jpg
2,003312.jpg | 003313.jpg
2,003382.jpg | 003383.jpg
2,003487.jpg | 003488.jpg
2,003512.jpg | 003513.jpg
2,003532.jpg | 003533.jpg
2,003781.jpg | 004532.jpg
2,003782.jpg | 004518.jpg
2,003783.jpg | 004514.jpg
2,003819.jpg | 003820.jpg
2,003823.jpg | 003824.jpg
3,003935.jpg | 003936.jpg | 003937.jpg
3,003938.jpg | 003939.jpg | 003940.jpg
2,003941.jpg | 003942.jpg
2,003964.jpg | 003965.jpg
2,003989.jpg | 003990.jpg
2,003991.jpg | 003992.jpg
2,004055.jpg | 004056.jpg
2,004086.jpg | 004087.jpg
2,004171.jpg | 004173.jpg
2,004172.jpg | 004174.jpg
2,004229.jpg | 004230.jpg
2,004336.jpg | 004337.jpg
2,004486.jpg | 004487.jpg
2,004489.jpg | 004490.jpg
2,004494.jpg | 004495.jpg
2,004496.jpg | 004497.jpg
2,004521.jpg | 004522.jpg
2,004537.jpg | 004538.jpg
2,004571.jpg | 004572.jpg
2,004576.jpg | 004577.jpg
2,004578.jpg | 004579.jpg
2,004603.jpg | 004604.jpg
2,004627.jpg | 004628.jpg
2,004737.jpg | 004738.jpg
2,004871.jpg | 004872.jpg
2,004878.jpg | 004879.jpg
2,004957.jpg | 004958.jpg
